{"files":{"index.html":{"frameworks":["Classroom","pg.asset.manager","pg.project.items","pg.code-validator","pg.insight.events","pg.image.overlay","pg.css.grid","bs4","pg.html","pg.components"],"last_page_width":1739},"features.html":{"frameworks":["Classroom","pg.insight.events","pg.asset.manager","pg.project.items","pg.code-validator","pg.css.grid","pg.image.overlay","bs3.4.1","pg.html","pg.components"],"last_page_width":1920},"error.html":{"frameworks":["Classroom","pg.insight.events","pg.css.grid","pg.image.overlay","pg.code-validator","pg.project.items","pg.asset.manager","bs4","pg.html","pg.components"],"last_page_width":1104},"feature-one.html":{"frameworks":["Classroom","pg.insight.events","pg.css.grid","pg.image.overlay","pg.code-validator","pg.project.items","pg.asset.manager","bs4","pg.html","pg.components"],"last_page_width":1920},"help.html":{"frameworks":["Classroom","Complete Login Form With Session Variable Using Only PHP & MySQL","pg.asset.manager","pg.project.items","pg.code-validator","pg.insight.events","pg.image.overlay","pg.css.grid","bs4","pg.html","pg.components"],"last_page_width":1743},"rate.html":{"frameworks":["Classroom","pg.ia","pg.insight.events","pg.asset.manager","pg.project.items","pg.code-validator","pg.image.overlay","pg.css.grid","bs4","pg.html","pg.components"],"last_page_width":1024},"ratepage.html":{"frameworks":["Classroom","pg.insight.events","pg.css.grid","pg.image.overlay","pg.code-validator","pg.project.items","pg.asset.manager","bs4","pg.html","pg.components"],"last_page_width":1024},"aclogin.php":{"frameworks":["Classroom","pg.insight.events","pg.css.grid","pg.image.overlay","pg.php","pg.code-validator","pg.project.items","pg.asset.manager","pg.html","pg.components"],"last_page_width":1024},"login.php":{"frameworks":["Classroom","pg.insight.events","pg.asset.manager","pg.project.items","pg.css.grid","pg.code-validator","pg.php","pg.image.overlay","pg.html","pg.components"],"last_page_width":1024},"errors.php":{"frameworks":["Classroom","pg.insight.events","pg.css.grid","pg.image.overlay","pg.php","pg.code-validator","pg.project.items","pg.asset.manager","pg.html","pg.components"],"last_page_width":1024},"server.php":{"frameworks":["Classroom","pg.insight.events","pg.asset.manager","pg.css.grid","pg.project.items","pg.image.overlay","pg.code-validator","pg.php","pg.html","pg.components"],"last_page_width":1024},"register.php":{"frameworks":["Classroom","pg.insight.events","pg.css.grid","pg.image.overlay","pg.php","pg.code-validator","pg.project.items","pg.asset.manager","pg.html","pg.components"],"last_page_width":1024},"login.html":{"frameworks":["Classroom","pg.insight.events","pg.asset.manager","pg.project.items","pg.ia","pg.code-validator","pg.css.grid","pg.image.overlay","bs4","pg.html","pg.components"],"last_page_width":1024},"signin.html":{"frameworks":["Classroom","pg.insight.events","pg.asset.manager","pg.project.items","pg.css.grid","pg.code-validator","pg.image.overlay","bs3.4.1","pg.html","pg.components"],"last_page_width":1920}},"breakpoints":["576px","768px","992px","1200px"],"frameworks":["Classroom","Complete Login Form With Session Variable Using Only PHP & MySQL","pg.asset.manager","pg.project.items","pg.code-validator","pg.insight.events","pg.image.overlay","pg.css.grid","bs4","pg.html","pg.components"],"cs-for-overrides":"style.css","urls":{"bootstrap/css/bootstrap.css":{"locked":false,"locked_reason":""},"css/froala_blocks.min.css":{"locked":false,"locked_reason":""}},"template_framework_id":"bootstrap"}